<?xml version="1.0" encoding="utf-8"?>
<merger version="3" xmlns:ns1="http://schemas.android.com/tools"><dataSet aapt-namespace="http://schemas.android.com/apk/res-auto" config="main$Generated" generated="true" ignore_pattern="!.svn:!.git:!.ds_store:!*.scc:.*:&lt;dir>_*:!CVS:!thumbs.db:!picasa.ini:!*~"><source path="C:\Users\yunus\AndroidStudioProjects\Restorant\app\src\main\res"/><source path="C:\Users\yunus\AndroidStudioProjects\Restorant\app\build\generated\res\rs\debug"/><source path="C:\Users\yunus\AndroidStudioProjects\Restorant\app\build\generated\res\resValues\debug"/></dataSet><dataSet aapt-namespace="http://schemas.android.com/apk/res-auto" config="main" generated-set="main$Generated" ignore_pattern="!.svn:!.git:!.ds_store:!*.scc:.*:&lt;dir>_*:!CVS:!thumbs.db:!picasa.ini:!*~"><source path="C:\Users\yunus\AndroidStudioProjects\Restorant\app\src\main\res"><file name="ic_launcher_background" path="C:\Users\yunus\AndroidStudioProjects\Restorant\app\src\main\res\drawable\ic_launcher_background.xml" qualifiers="" type="drawable"/><file name="ic_launcher_foreground" path="C:\Users\yunus\AndroidStudioProjects\Restorant\app\src\main\res\drawable-v24\ic_launcher_foreground.xml" qualifiers="v24" type="drawable"/><file name="ic_launcher" path="C:\Users\yunus\AndroidStudioProjects\Restorant\app\src\main\res\mipmap-anydpi-v26\ic_launcher.xml" qualifiers="anydpi-v26" type="mipmap"/><file name="ic_launcher_round" path="C:\Users\yunus\AndroidStudioProjects\Restorant\app\src\main\res\mipmap-anydpi-v26\ic_launcher_round.xml" qualifiers="anydpi-v26" type="mipmap"/><file name="ic_launcher" path="C:\Users\yunus\AndroidStudioProjects\Restorant\app\src\main\res\mipmap-hdpi\ic_launcher.webp" qualifiers="hdpi-v4" type="mipmap"/><file name="ic_launcher_round" path="C:\Users\yunus\AndroidStudioProjects\Restorant\app\src\main\res\mipmap-hdpi\ic_launcher_round.webp" qualifiers="hdpi-v4" type="mipmap"/><file name="ic_launcher" path="C:\Users\yunus\AndroidStudioProjects\Restorant\app\src\main\res\mipmap-mdpi\ic_launcher.webp" qualifiers="mdpi-v4" type="mipmap"/><file name="ic_launcher_round" path="C:\Users\yunus\AndroidStudioProjects\Restorant\app\src\main\res\mipmap-mdpi\ic_launcher_round.webp" qualifiers="mdpi-v4" type="mipmap"/><file name="ic_launcher" path="C:\Users\yunus\AndroidStudioProjects\Restorant\app\src\main\res\mipmap-xhdpi\ic_launcher.webp" qualifiers="xhdpi-v4" type="mipmap"/><file name="ic_launcher_round" path="C:\Users\yunus\AndroidStudioProjects\Restorant\app\src\main\res\mipmap-xhdpi\ic_launcher_round.webp" qualifiers="xhdpi-v4" type="mipmap"/><file name="ic_launcher" path="C:\Users\yunus\AndroidStudioProjects\Restorant\app\src\main\res\mipmap-xxhdpi\ic_launcher.webp" qualifiers="xxhdpi-v4" type="mipmap"/><file name="ic_launcher_round" path="C:\Users\yunus\AndroidStudioProjects\Restorant\app\src\main\res\mipmap-xxhdpi\ic_launcher_round.webp" qualifiers="xxhdpi-v4" type="mipmap"/><file name="ic_launcher" path="C:\Users\yunus\AndroidStudioProjects\Restorant\app\src\main\res\mipmap-xxxhdpi\ic_launcher.webp" qualifiers="xxxhdpi-v4" type="mipmap"/><file name="ic_launcher_round" path="C:\Users\yunus\AndroidStudioProjects\Restorant\app\src\main\res\mipmap-xxxhdpi\ic_launcher_round.webp" qualifiers="xxxhdpi-v4" type="mipmap"/><file path="C:\Users\yunus\AndroidStudioProjects\Restorant\app\src\main\res\values\colors.xml" qualifiers=""><color name="purple_200">#FFBB86FC</color><color name="purple_500">#FF6200EE</color><color name="purple_700">#FF3700B3</color><color name="teal_200">#FF03DAC5</color><color name="teal_700">#FF018786</color><color name="black">#FF000000</color><color name="white">#FFFFFFFF</color></file><file path="C:\Users\yunus\AndroidStudioProjects\Restorant\app\src\main\res\values\strings.xml" qualifiers=""><string name="app_name">Restorant</string></file><file path="C:\Users\yunus\AndroidStudioProjects\Restorant\app\src\main\res\values\themes.xml" qualifiers=""><style name="Theme.Restorant" parent="Theme.MaterialComponents.DayNight.DarkActionBar">
        
        <item name="colorPrimary">@color/purple_500</item>
        <item name="colorPrimaryVariant">@color/purple_700</item>
        <item name="colorOnPrimary">@color/white</item>
        
        <item name="colorSecondary">@color/teal_200</item>
        <item name="colorSecondaryVariant">@color/teal_700</item>
        <item name="colorOnSecondary">@color/black</item>
        
        <item name="android:statusBarColor" ns1:targetApi="l">?attr/colorPrimaryVariant</item>
        
    </style></file><file path="C:\Users\yunus\AndroidStudioProjects\Restorant\app\src\main\res\values-night\themes.xml" qualifiers="night-v8"><style name="Theme.Restorant" parent="Theme.MaterialComponents.DayNight.DarkActionBar">
        
        <item name="colorPrimary">@color/purple_200</item>
        <item name="colorPrimaryVariant">@color/purple_700</item>
        <item name="colorOnPrimary">@color/black</item>
        
        <item name="colorSecondary">@color/teal_200</item>
        <item name="colorSecondaryVariant">@color/teal_200</item>
        <item name="colorOnSecondary">@color/black</item>
        
        <item name="android:statusBarColor" ns1:targetApi="l">?attr/colorPrimaryVariant</item>
        
    </style></file><file name="resim_background" path="C:\Users\yunus\AndroidStudioProjects\Restorant\app\src\main\res\drawable\resim_background.xml" qualifiers="" type="drawable"/><file name="resim" path="C:\Users\yunus\AndroidStudioProjects\Restorant\app\src\main\res\mipmap-anydpi-v26\resim.xml" qualifiers="anydpi-v26" type="mipmap"/><file name="resim_round" path="C:\Users\yunus\AndroidStudioProjects\Restorant\app\src\main\res\mipmap-anydpi-v26\resim_round.xml" qualifiers="anydpi-v26" type="mipmap"/><file name="resim" path="C:\Users\yunus\AndroidStudioProjects\Restorant\app\src\main\res\mipmap-hdpi\resim.png" qualifiers="hdpi-v4" type="mipmap"/><file name="resim_foreground" path="C:\Users\yunus\AndroidStudioProjects\Restorant\app\src\main\res\mipmap-hdpi\resim_foreground.png" qualifiers="hdpi-v4" type="mipmap"/><file name="resim_round" path="C:\Users\yunus\AndroidStudioProjects\Restorant\app\src\main\res\mipmap-hdpi\resim_round.png" qualifiers="hdpi-v4" type="mipmap"/><file name="resim" path="C:\Users\yunus\AndroidStudioProjects\Restorant\app\src\main\res\mipmap-mdpi\resim.png" qualifiers="mdpi-v4" type="mipmap"/><file name="resim_foreground" path="C:\Users\yunus\AndroidStudioProjects\Restorant\app\src\main\res\mipmap-mdpi\resim_foreground.png" qualifiers="mdpi-v4" type="mipmap"/><file name="resim_round" path="C:\Users\yunus\AndroidStudioProjects\Restorant\app\src\main\res\mipmap-mdpi\resim_round.png" qualifiers="mdpi-v4" type="mipmap"/><file name="resim" path="C:\Users\yunus\AndroidStudioProjects\Restorant\app\src\main\res\mipmap-xhdpi\resim.png" qualifiers="xhdpi-v4" type="mipmap"/><file name="resim_foreground" path="C:\Users\yunus\AndroidStudioProjects\Restorant\app\src\main\res\mipmap-xhdpi\resim_foreground.png" qualifiers="xhdpi-v4" type="mipmap"/><file name="resim_round" path="C:\Users\yunus\AndroidStudioProjects\Restorant\app\src\main\res\mipmap-xhdpi\resim_round.png" qualifiers="xhdpi-v4" type="mipmap"/><file name="resim" path="C:\Users\yunus\AndroidStudioProjects\Restorant\app\src\main\res\mipmap-xxhdpi\resim.png" qualifiers="xxhdpi-v4" type="mipmap"/><file name="resim_foreground" path="C:\Users\yunus\AndroidStudioProjects\Restorant\app\src\main\res\mipmap-xxhdpi\resim_foreground.png" qualifiers="xxhdpi-v4" type="mipmap"/><file name="resim_round" path="C:\Users\yunus\AndroidStudioProjects\Restorant\app\src\main\res\mipmap-xxhdpi\resim_round.png" qualifiers="xxhdpi-v4" type="mipmap"/><file name="resim" path="C:\Users\yunus\AndroidStudioProjects\Restorant\app\src\main\res\mipmap-xxxhdpi\resim.png" qualifiers="xxxhdpi-v4" type="mipmap"/><file name="resim_foreground" path="C:\Users\yunus\AndroidStudioProjects\Restorant\app\src\main\res\mipmap-xxxhdpi\resim_foreground.png" qualifiers="xxxhdpi-v4" type="mipmap"/><file name="resim_round" path="C:\Users\yunus\AndroidStudioProjects\Restorant\app\src\main\res\mipmap-xxxhdpi\resim_round.png" qualifiers="xxxhdpi-v4" type="mipmap"/><file name="main_activity" path="C:\Users\yunus\AndroidStudioProjects\Restorant\app\src\main\res\layout\main_activity.xml" qualifiers="" type="layout"/><file name="giris_activity" path="C:\Users\yunus\AndroidStudioProjects\Restorant\app\src\main\res\layout\giris_activity.xml" qualifiers="" type="layout"/><file name="menu_activity" path="C:\Users\yunus\AndroidStudioProjects\Restorant\app\src\main\res\layout\menu_activity.xml" qualifiers="" type="layout"/></source><source path="C:\Users\yunus\AndroidStudioProjects\Restorant\app\build\generated\res\rs\debug"/><source path="C:\Users\yunus\AndroidStudioProjects\Restorant\app\build\generated\res\resValues\debug"/></dataSet><dataSet aapt-namespace="http://schemas.android.com/apk/res-auto" config="debug$Generated" generated="true" ignore_pattern="!.svn:!.git:!.ds_store:!*.scc:.*:&lt;dir>_*:!CVS:!thumbs.db:!picasa.ini:!*~"><source path="C:\Users\yunus\AndroidStudioProjects\Restorant\app\src\debug\res"/></dataSet><dataSet aapt-namespace="http://schemas.android.com/apk/res-auto" config="debug" generated-set="debug$Generated" ignore_pattern="!.svn:!.git:!.ds_store:!*.scc:.*:&lt;dir>_*:!CVS:!thumbs.db:!picasa.ini:!*~"><source path="C:\Users\yunus\AndroidStudioProjects\Restorant\app\src\debug\res"/></dataSet><mergedItems/></merger>